{"isNewProject":true,"componentsNum":0,"hasGlobalConfig":false,"triggerRequired":false,"dependencies":{},"taskDataList":[],"id":"IY2YGod4qX","packageName":"批量上传听悟","description":"","projectMode":"normal","version":"0.0.1","date":"Fri Mar 01 2024","icon":"","authorId":"111168","author":"15070293421","factoryVersion":"6.9.0","runtimeVersion":"6.9.0.1","isAllowNewEdit":true,"openMode":"code","supportVersion":"6.9.0","supportPatch":"1","lastSaveCiId":"ci-6737","lastSaveVersion":"6.9.0.1"}